{
  "n_seeds": 5,
  "base_model": "Qwen/Qwen3-4B (4-bit NF4)",
  "lora": {
    "rank": 8,
    "alpha": 16
  },
  "training": {
    "n_steps": 500,
    "batch_size": 4,
    "lr": 0.0002,
    "max_samples": 500
  },
  "tasks": [
    "phono_sst2",
    "lex_cola",
    "syn_boolq"
  ],
  "stats": {
    "immediate": {
      "phono_sst2": {
        "mean": 0.945,
        "std": 0.01354006400772659,
        "per_seed": [
          0.95,
          0.9416666666666667,
          0.9416666666666667,
          0.925,
          0.9666666666666667
        ]
      },
      "lex_cola": {
        "mean": 0.7683333333333333,
        "std": 0.03223179934302286,
        "per_seed": [
          0.7583333333333333,
          0.7916666666666666,
          0.75,
          0.8166666666666667,
          0.725
        ]
      },
      "syn_boolq": {
        "mean": 0.5650000000000001,
        "std": 0.022607766610417544,
        "per_seed": [
          0.5583333333333333,
          0.575,
          0.525,
          0.575,
          0.5916666666666667
        ]
      }
    },
    "final": {
      "phono_sst2": {
        "mean": 0.8600000000000001,
        "std": 0.03854290538549937,
        "per_seed": [
          0.8416666666666667,
          0.8866666666666667,
          0.8783333333333333,
          0.7933333333333333,
          0.9
        ]
      },
      "lex_cola": {
        "mean": 0.8893333333333333,
        "std": 0.03902420901041928,
        "per_seed": [
          0.87,
          0.9266666666666666,
          0.8216666666666667,
          0.91,
          0.9183333333333333
        ]
      },
      "syn_boolq": {
        "mean": 0.5650000000000001,
        "std": 0.022607766610417544,
        "per_seed": [
          0.5583333333333333,
          0.575,
          0.525,
          0.575,
          0.5916666666666667
        ]
      }
    },
    "forgetting": {
      "phono_sst2": {
        "mean": 0.08499999999999999,
        "std": 0.029758285494220875,
        "per_seed": [
          0.10833333333333328,
          0.05499999999999994,
          0.06333333333333335,
          0.1316666666666667,
          0.06666666666666665
        ]
      },
      "lex_cola": {
        "mean": 0.0,
        "std": 0.0,
        "per_seed": [
          0.0,
          0.0,
          0.0,
          0.0,
          0.0
        ]
      },
      "syn_boolq": {
        "mean": 0.0,
        "std": 0.0,
        "per_seed": [
          0.0,
          0.0,
          0.0,
          0.0,
          0.0
        ]
      }
    }
  },
  "wall_time_s_per_seed": [
    260.04320096969604,
    263.00012707710266,
    266.24377822875977,
    289.73645281791687,
    267.95898604393005
  ],
  "wall_time_s_total": 1346.9825451374054
}