{
  "n_seeds": 5,
  "with_consolidation": {
    "mean": [
      0.9020880274077703,
      0.2018325165809005,
      0.004427161977546936
    ],
    "std": [
      0.0657770749585254,
      0.01436186844069477,
      0.00026873696102540134
    ]
  },
  "without_consolidation": {
    "mean": [
      0.2890357876307637,
      0.43772286278285055,
      0.815306345057415
    ],
    "std": [
      0.06975373467393096,
      0.06898631581744005,
      0.03979737507796099
    ]
  },
  "tasks": [
    "phonology",
    "lexicon",
    "syntax"
  ]
}