{
  "n_seeds": 5,
  "lambdas": [
    0.0,
    0.1,
    0.5,
    1.0,
    2.0,
    5.0,
    10.0
  ],
  "results": {
    "0.0": {
      "phonology": {
        "mean": 0.3503365042356822,
        "std": 0.039648444951621946
      },
      "lexicon": {
        "mean": 0.6371264058979598,
        "std": 0.10074851166041467
      },
      "syntax": {
        "mean": 0.7710856555917346,
        "std": 0.06283044832233228
      }
    },
    "0.1": {
      "phonology": {
        "mean": 0.39237359256193616,
        "std": 0.10732561305356894
      },
      "lexicon": {
        "mean": 0.3457559108437978,
        "std": 0.09687665898336427
      },
      "syntax": {
        "mean": 0.641198404227677,
        "std": 0.17780428973522097
      }
    },
    "0.5": {
      "phonology": {
        "mean": 0.5054541636920068,
        "std": 0.13356564784056996
      },
      "lexicon": {
        "mean": 0.2801156143796934,
        "std": 0.10320878048211646
      },
      "syntax": {
        "mean": 0.4810575749000986,
        "std": 0.19597838267298268
      }
    },
    "1.0": {
      "phonology": {
        "mean": 0.5796005862802102,
        "std": 0.12231841003985684
      },
      "lexicon": {
        "mean": 0.26625813369043055,
        "std": 0.11059098662339391
      },
      "syntax": {
        "mean": 0.42622285021696477,
        "std": 0.18110179248182814
      }
    },
    "2.0": {
      "phonology": {
        "mean": 0.6274916555274394,
        "std": 0.11186120992563332
      },
      "lexicon": {
        "mean": 0.25168625706232695,
        "std": 0.11328495549460837
      },
      "syntax": {
        "mean": 0.38765793048410147,
        "std": 0.16691705776973548
      }
    },
    "5.0": {
      "phonology": {
        "mean": 0.6555081280573785,
        "std": 0.10647207104017362
      },
      "lexicon": {
        "mean": 0.23759889143365692,
        "std": 0.11344262639586937
      },
      "syntax": {
        "mean": 0.3604104662047372,
        "std": 0.157174834873051
      }
    },
    "10.0": {
      "phonology": {
        "mean": 0.6641886713450049,
        "std": 0.1051732618971716
      },
      "lexicon": {
        "mean": 0.23164015599128826,
        "std": 0.11321561708784393
      },
      "syntax": {
        "mean": 0.3506797623442607,
        "std": 0.1539250956560109
      }
    }
  },
  "best_lambda_by_max_min": 0.0,
  "best_min_task_score": 0.3503365042356822
}